-- phpMyAdmin SQL Dump
-- version 5.2.1
-- https://www.phpmyadmin.net/
--
-- Host: localhost
-- Generation Time: Dec 05, 2024 at 08:38 PM
-- Server version: 10.4.28-MariaDB
-- PHP Version: 8.1.17

SET SQL_MODE = "NO_AUTO_VALUE_ON_ZERO";
START TRANSACTION;
SET time_zone = "+00:00";


/*!40101 SET @OLD_CHARACTER_SET_CLIENT=@@CHARACTER_SET_CLIENT */;
/*!40101 SET @OLD_CHARACTER_SET_RESULTS=@@CHARACTER_SET_RESULTS */;
/*!40101 SET @OLD_COLLATION_CONNECTION=@@COLLATION_CONNECTION */;
/*!40101 SET NAMES utf8mb4 */;

--
-- Database: `chasibazar`
--

-- --------------------------------------------------------

--
-- Table structure for table `branches`
--

CREATE TABLE `branches` (
  `id` bigint(20) UNSIGNED NOT NULL,
  `name` varchar(255) NOT NULL,
  `email` varchar(255) DEFAULT NULL,
  `phone` varchar(255) NOT NULL,
  `address` text NOT NULL,
  `created_at` timestamp NULL DEFAULT NULL,
  `updated_at` timestamp NULL DEFAULT NULL
) ENGINE=InnoDB DEFAULT CHARSET=utf8mb4 COLLATE=utf8mb4_unicode_ci;

-- --------------------------------------------------------

--
-- Table structure for table `cache`
--

CREATE TABLE `cache` (
  `key` varchar(255) NOT NULL,
  `value` mediumtext NOT NULL,
  `expiration` int(11) NOT NULL
) ENGINE=InnoDB DEFAULT CHARSET=utf8mb4 COLLATE=utf8mb4_unicode_ci;

--
-- Dumping data for table `cache`
--

INSERT INTO `cache` (`key`, `value`, `expiration`) VALUES
('spatie.permission.cache', 'a:3:{s:5:\"alias\";a:4:{s:1:\"a\";s:2:\"id\";s:1:\"b\";s:4:\"name\";s:1:\"c\";s:10:\"guard_name\";s:1:\"r\";s:5:\"roles\";}s:11:\"permissions\";a:34:{i:0;a:4:{s:1:\"a\";i:1;s:1:\"b\";s:16:\"permissions view\";s:1:\"c\";s:5:\"admin\";s:1:\"r\";a:1:{i:0;i:1;}}i:1;a:4:{s:1:\"a\";i:2;s:1:\"b\";s:18:\"permissions create\";s:1:\"c\";s:5:\"admin\";s:1:\"r\";a:1:{i:0;i:1;}}i:2;a:4:{s:1:\"a\";i:3;s:1:\"b\";s:11:\"admins view\";s:1:\"c\";s:5:\"admin\";s:1:\"r\";a:1:{i:0;i:1;}}i:3;a:4:{s:1:\"a\";i:4;s:1:\"b\";s:10:\"roles view\";s:1:\"c\";s:5:\"admin\";s:1:\"r\";a:1:{i:0;i:1;}}i:4;a:4:{s:1:\"a\";i:5;s:1:\"b\";s:18:\"permissions update\";s:1:\"c\";s:5:\"admin\";s:1:\"r\";a:1:{i:0;i:1;}}i:5;a:4:{s:1:\"a\";i:6;s:1:\"b\";s:18:\"permissions delete\";s:1:\"c\";s:5:\"admin\";s:1:\"r\";a:1:{i:0;i:1;}}i:6;a:4:{s:1:\"a\";i:7;s:1:\"b\";s:15:\"contacts create\";s:1:\"c\";s:5:\"admin\";s:1:\"r\";a:1:{i:0;i:1;}}i:7;a:4:{s:1:\"a\";i:8;s:1:\"b\";s:15:\"contacts update\";s:1:\"c\";s:5:\"admin\";s:1:\"r\";a:1:{i:0;i:1;}}i:8;a:4:{s:1:\"a\";i:9;s:1:\"b\";s:15:\"contacts delete\";s:1:\"c\";s:5:\"admin\";s:1:\"r\";a:1:{i:0;i:1;}}i:9;a:4:{s:1:\"a\";i:10;s:1:\"b\";s:13:\"contacts view\";s:1:\"c\";s:5:\"admin\";s:1:\"r\";a:1:{i:0;i:1;}}i:10;a:4:{s:1:\"a\";i:11;s:1:\"b\";s:11:\"branch view\";s:1:\"c\";s:5:\"admin\";s:1:\"r\";a:1:{i:0;i:1;}}i:11;a:4:{s:1:\"a\";i:12;s:1:\"b\";s:13:\"branch create\";s:1:\"c\";s:5:\"admin\";s:1:\"r\";a:1:{i:0;i:1;}}i:12;a:4:{s:1:\"a\";i:13;s:1:\"b\";s:13:\"branch update\";s:1:\"c\";s:5:\"admin\";s:1:\"r\";a:1:{i:0;i:1;}}i:13;a:4:{s:1:\"a\";i:14;s:1:\"b\";s:13:\"branch delete\";s:1:\"c\";s:5:\"admin\";s:1:\"r\";a:1:{i:0;i:1;}}i:14;a:4:{s:1:\"a\";i:15;s:1:\"b\";s:15:\"categories view\";s:1:\"c\";s:5:\"admin\";s:1:\"r\";a:1:{i:0;i:1;}}i:15;a:4:{s:1:\"a\";i:16;s:1:\"b\";s:17:\"categories create\";s:1:\"c\";s:5:\"admin\";s:1:\"r\";a:1:{i:0;i:1;}}i:16;a:4:{s:1:\"a\";i:17;s:1:\"b\";s:17:\"categories update\";s:1:\"c\";s:5:\"admin\";s:1:\"r\";a:1:{i:0;i:1;}}i:17;a:4:{s:1:\"a\";i:18;s:1:\"b\";s:17:\"categories delete\";s:1:\"c\";s:5:\"admin\";s:1:\"r\";a:1:{i:0;i:1;}}i:18;a:4:{s:1:\"a\";i:19;s:1:\"b\";s:19:\"sub-categories view\";s:1:\"c\";s:5:\"admin\";s:1:\"r\";a:1:{i:0;i:1;}}i:19;a:4:{s:1:\"a\";i:20;s:1:\"b\";s:21:\"sub-categories create\";s:1:\"c\";s:5:\"admin\";s:1:\"r\";a:1:{i:0;i:1;}}i:20;a:4:{s:1:\"a\";i:21;s:1:\"b\";s:21:\"sub-categories update\";s:1:\"c\";s:5:\"admin\";s:1:\"r\";a:1:{i:0;i:1;}}i:21;a:4:{s:1:\"a\";i:22;s:1:\"b\";s:21:\"sub-categories delete\";s:1:\"c\";s:5:\"admin\";s:1:\"r\";a:1:{i:0;i:1;}}i:22;a:4:{s:1:\"a\";i:23;s:1:\"b\";s:15:\"navigation view\";s:1:\"c\";s:5:\"admin\";s:1:\"r\";a:1:{i:0;i:1;}}i:23;a:4:{s:1:\"a\";i:24;s:1:\"b\";s:17:\"navigation create\";s:1:\"c\";s:5:\"admin\";s:1:\"r\";a:1:{i:0;i:1;}}i:24;a:4:{s:1:\"a\";i:25;s:1:\"b\";s:17:\"navigation update\";s:1:\"c\";s:5:\"admin\";s:1:\"r\";a:1:{i:0;i:1;}}i:25;a:4:{s:1:\"a\";i:26;s:1:\"b\";s:17:\"navigation delete\";s:1:\"c\";s:5:\"admin\";s:1:\"r\";a:1:{i:0;i:1;}}i:26;a:4:{s:1:\"a\";i:27;s:1:\"b\";s:10:\"index view\";s:1:\"c\";s:5:\"admin\";s:1:\"r\";a:1:{i:0;i:1;}}i:27;a:4:{s:1:\"a\";i:28;s:1:\"b\";s:12:\"index create\";s:1:\"c\";s:5:\"admin\";s:1:\"r\";a:1:{i:0;i:1;}}i:28;a:4:{s:1:\"a\";i:29;s:1:\"b\";s:12:\"index update\";s:1:\"c\";s:5:\"admin\";s:1:\"r\";a:1:{i:0;i:1;}}i:29;a:4:{s:1:\"a\";i:30;s:1:\"b\";s:12:\"index delete\";s:1:\"c\";s:5:\"admin\";s:1:\"r\";a:1:{i:0;i:1;}}i:30;a:4:{s:1:\"a\";i:31;s:1:\"b\";s:9:\"page view\";s:1:\"c\";s:5:\"admin\";s:1:\"r\";a:1:{i:0;i:1;}}i:31;a:4:{s:1:\"a\";i:32;s:1:\"b\";s:11:\"page create\";s:1:\"c\";s:5:\"admin\";s:1:\"r\";a:1:{i:0;i:1;}}i:32;a:4:{s:1:\"a\";i:33;s:1:\"b\";s:11:\"page update\";s:1:\"c\";s:5:\"admin\";s:1:\"r\";a:1:{i:0;i:1;}}i:33;a:4:{s:1:\"a\";i:34;s:1:\"b\";s:11:\"page delete\";s:1:\"c\";s:5:\"admin\";s:1:\"r\";a:1:{i:0;i:1;}}}s:5:\"roles\";a:1:{i:0;a:3:{s:1:\"a\";i:1;s:1:\"b\";s:11:\"super admin\";s:1:\"c\";s:5:\"admin\";}}}', 1733513834);

-- --------------------------------------------------------

--
-- Table structure for table `cache_locks`
--

CREATE TABLE `cache_locks` (
  `key` varchar(255) NOT NULL,
  `owner` varchar(255) NOT NULL,
  `expiration` int(11) NOT NULL
) ENGINE=InnoDB DEFAULT CHARSET=utf8mb4 COLLATE=utf8mb4_unicode_ci;

-- --------------------------------------------------------

--
-- Table structure for table `categories`
--

CREATE TABLE `categories` (
  `id` bigint(20) UNSIGNED NOT NULL,
  `name` varchar(255) NOT NULL,
  `slug` varchar(255) NOT NULL,
  `description` text NOT NULL,
  `status` tinyint(1) NOT NULL DEFAULT 1,
  `nav_status` tinyint(1) NOT NULL DEFAULT 1,
  `nav_position` int(11) DEFAULT NULL,
  `index_status` tinyint(1) DEFAULT NULL,
  `index_position` int(11) DEFAULT NULL,
  `created_at` timestamp NULL DEFAULT NULL,
  `updated_at` timestamp NULL DEFAULT NULL
) ENGINE=InnoDB DEFAULT CHARSET=utf8mb4 COLLATE=utf8mb4_unicode_ci;

-- --------------------------------------------------------

--
-- Table structure for table `contacts`
--

CREATE TABLE `contacts` (
  `id` bigint(20) UNSIGNED NOT NULL,
  `email` varchar(255) DEFAULT NULL,
  `phone` varchar(255) DEFAULT NULL,
  `alterPhone` varchar(255) DEFAULT NULL,
  `whatsapp` varchar(255) DEFAULT NULL,
  `calling_hours` varchar(255) DEFAULT NULL,
  `created_at` timestamp NULL DEFAULT NULL,
  `updated_at` timestamp NULL DEFAULT NULL
) ENGINE=InnoDB DEFAULT CHARSET=utf8mb4 COLLATE=utf8mb4_unicode_ci;

--
-- Dumping data for table `contacts`
--

INSERT INTO `contacts` (`id`, `email`, `phone`, `alterPhone`, `whatsapp`, `calling_hours`, `created_at`, `updated_at`) VALUES
(1, 'info@krishibazar.com', NULL, NULL, NULL, NULL, '2024-12-05 13:30:52', NULL);

-- --------------------------------------------------------

--
-- Table structure for table `failed_jobs`
--

CREATE TABLE `failed_jobs` (
  `id` bigint(20) UNSIGNED NOT NULL,
  `uuid` varchar(255) NOT NULL,
  `connection` text NOT NULL,
  `queue` text NOT NULL,
  `payload` longtext NOT NULL,
  `exception` longtext NOT NULL,
  `failed_at` timestamp NOT NULL DEFAULT current_timestamp()
) ENGINE=InnoDB DEFAULT CHARSET=utf8mb4 COLLATE=utf8mb4_unicode_ci;

-- --------------------------------------------------------

--
-- Table structure for table `jobs`
--

CREATE TABLE `jobs` (
  `id` bigint(20) UNSIGNED NOT NULL,
  `queue` varchar(255) NOT NULL,
  `payload` longtext NOT NULL,
  `attempts` tinyint(3) UNSIGNED NOT NULL,
  `reserved_at` int(10) UNSIGNED DEFAULT NULL,
  `available_at` int(10) UNSIGNED NOT NULL,
  `created_at` int(10) UNSIGNED NOT NULL
) ENGINE=InnoDB DEFAULT CHARSET=utf8mb4 COLLATE=utf8mb4_unicode_ci;

-- --------------------------------------------------------

--
-- Table structure for table `job_batches`
--

CREATE TABLE `job_batches` (
  `id` varchar(255) NOT NULL,
  `name` varchar(255) NOT NULL,
  `total_jobs` int(11) NOT NULL,
  `pending_jobs` int(11) NOT NULL,
  `failed_jobs` int(11) NOT NULL,
  `failed_job_ids` longtext NOT NULL,
  `options` mediumtext DEFAULT NULL,
  `cancelled_at` int(11) DEFAULT NULL,
  `created_at` int(11) NOT NULL,
  `finished_at` int(11) DEFAULT NULL
) ENGINE=InnoDB DEFAULT CHARSET=utf8mb4 COLLATE=utf8mb4_unicode_ci;

-- --------------------------------------------------------

--
-- Table structure for table `migrations`
--

CREATE TABLE `migrations` (
  `id` int(10) UNSIGNED NOT NULL,
  `migration` varchar(255) NOT NULL,
  `batch` int(11) NOT NULL
) ENGINE=InnoDB DEFAULT CHARSET=utf8mb4 COLLATE=utf8mb4_unicode_ci;

--
-- Dumping data for table `migrations`
--

INSERT INTO `migrations` (`id`, `migration`, `batch`) VALUES
(1, '0001_01_01_000001_create_cache_table', 1),
(2, '0001_01_01_000002_create_jobs_table', 1),
(3, '2024_11_03_044620_create_permission_tables', 1),
(4, '2024_11_03_044630_create_users_table', 1),
(5, '2024_11_06_085140_create_otps_table', 1),
(6, '2024_11_23_111128_create_categories_table', 1),
(7, '2024_11_23_181850_create_sub_categories_table', 1),
(8, '2024_11_24_141221_create_contacts_table', 1),
(9, '2024_11_24_233858_create_branches_table', 1),
(10, '2024_11_25_003016_create_pages_table', 1),
(11, '2024_11_30_193005_create_sliders_table', 1),
(12, '2024_11_30_215118_create_products_table', 1);

-- --------------------------------------------------------

--
-- Table structure for table `model_has_permissions`
--

CREATE TABLE `model_has_permissions` (
  `permission_id` bigint(20) UNSIGNED NOT NULL,
  `model_type` varchar(255) NOT NULL,
  `model_id` bigint(20) UNSIGNED NOT NULL
) ENGINE=InnoDB DEFAULT CHARSET=utf8mb4 COLLATE=utf8mb4_unicode_ci;

-- --------------------------------------------------------

--
-- Table structure for table `model_has_roles`
--

CREATE TABLE `model_has_roles` (
  `role_id` bigint(20) UNSIGNED NOT NULL,
  `model_type` varchar(255) NOT NULL,
  `model_id` bigint(20) UNSIGNED NOT NULL
) ENGINE=InnoDB DEFAULT CHARSET=utf8mb4 COLLATE=utf8mb4_unicode_ci;

--
-- Dumping data for table `model_has_roles`
--

INSERT INTO `model_has_roles` (`role_id`, `model_type`, `model_id`) VALUES
(1, 'App\\Models\\User', 1);

-- --------------------------------------------------------

--
-- Table structure for table `otps`
--

CREATE TABLE `otps` (
  `id` bigint(20) UNSIGNED NOT NULL,
  `title` varchar(255) NOT NULL,
  `code` int(11) NOT NULL,
  `created_at` timestamp NULL DEFAULT NULL,
  `updated_at` timestamp NULL DEFAULT NULL
) ENGINE=InnoDB DEFAULT CHARSET=utf8mb4 COLLATE=utf8mb4_unicode_ci;

-- --------------------------------------------------------

--
-- Table structure for table `pages`
--

CREATE TABLE `pages` (
  `id` bigint(20) UNSIGNED NOT NULL,
  `created_at` timestamp NULL DEFAULT NULL,
  `updated_at` timestamp NULL DEFAULT NULL
) ENGINE=InnoDB DEFAULT CHARSET=utf8mb4 COLLATE=utf8mb4_unicode_ci;

-- --------------------------------------------------------

--
-- Table structure for table `password_reset_tokens`
--

CREATE TABLE `password_reset_tokens` (
  `email` varchar(255) NOT NULL,
  `token` varchar(255) NOT NULL,
  `created_at` timestamp NULL DEFAULT NULL
) ENGINE=InnoDB DEFAULT CHARSET=utf8mb4 COLLATE=utf8mb4_unicode_ci;

-- --------------------------------------------------------

--
-- Table structure for table `permissions`
--

CREATE TABLE `permissions` (
  `id` bigint(20) UNSIGNED NOT NULL,
  `name` varchar(255) NOT NULL,
  `guard_name` varchar(255) NOT NULL DEFAULT 'admin',
  `created_at` timestamp NULL DEFAULT NULL,
  `updated_at` timestamp NULL DEFAULT NULL
) ENGINE=InnoDB DEFAULT CHARSET=utf8mb4 COLLATE=utf8mb4_unicode_ci;

--
-- Dumping data for table `permissions`
--

INSERT INTO `permissions` (`id`, `name`, `guard_name`, `created_at`, `updated_at`) VALUES
(1, 'permissions view', 'admin', '2024-12-05 13:30:52', '2024-12-05 13:30:52'),
(2, 'permissions create', 'admin', '2024-12-05 13:30:52', '2024-12-05 13:30:52'),
(3, 'admins view', 'admin', '2024-12-05 13:30:52', '2024-12-05 13:30:52'),
(4, 'roles view', 'admin', '2024-12-05 13:30:52', '2024-12-05 13:30:52'),
(5, 'permissions update', 'admin', '2024-12-05 13:31:36', NULL),
(6, 'permissions delete', 'admin', '2024-12-05 13:31:41', NULL),
(7, 'contacts create', 'admin', '2024-12-05 13:32:38', NULL),
(8, 'contacts update', 'admin', '2024-12-05 13:32:50', NULL),
(9, 'contacts delete', 'admin', '2024-12-05 13:32:53', NULL),
(10, 'contacts view', 'admin', '2024-12-05 13:32:57', NULL),
(11, 'branch view', 'admin', '2024-12-05 13:33:13', NULL),
(12, 'branch create', 'admin', '2024-12-05 13:33:17', NULL),
(13, 'branch update', 'admin', '2024-12-05 13:33:20', NULL),
(14, 'branch delete', 'admin', '2024-12-05 13:33:23', NULL),
(15, 'categories view', 'admin', '2024-12-05 13:33:36', NULL),
(16, 'categories create', 'admin', '2024-12-05 13:33:40', NULL),
(17, 'categories update', 'admin', '2024-12-05 13:33:43', NULL),
(18, 'categories delete', 'admin', '2024-12-05 13:33:45', NULL),
(19, 'sub-categories view', 'admin', '2024-12-05 13:34:20', NULL),
(20, 'sub-categories create', 'admin', '2024-12-05 13:34:27', NULL),
(21, 'sub-categories update', 'admin', '2024-12-05 13:34:30', NULL),
(22, 'sub-categories delete', 'admin', '2024-12-05 13:34:32', NULL),
(23, 'navigation view', 'admin', '2024-12-05 13:35:52', NULL),
(24, 'navigation create', 'admin', '2024-12-05 13:35:55', NULL),
(25, 'navigation update', 'admin', '2024-12-05 13:35:58', NULL),
(26, 'navigation delete', 'admin', '2024-12-05 13:36:00', NULL),
(27, 'index view', 'admin', '2024-12-05 13:36:09', NULL),
(28, 'index create', 'admin', '2024-12-05 13:36:12', NULL),
(29, 'index update', 'admin', '2024-12-05 13:36:15', NULL),
(30, 'index delete', 'admin', '2024-12-05 13:36:17', NULL),
(31, 'page view', 'admin', '2024-12-05 13:36:53', NULL),
(32, 'page create', 'admin', '2024-12-05 13:36:58', NULL),
(33, 'page update', 'admin', '2024-12-05 13:37:01', NULL),
(34, 'page delete', 'admin', '2024-12-05 13:37:04', NULL);

-- --------------------------------------------------------

--
-- Table structure for table `products`
--

CREATE TABLE `products` (
  `id` bigint(20) UNSIGNED NOT NULL,
  `created_at` timestamp NULL DEFAULT NULL,
  `updated_at` timestamp NULL DEFAULT NULL
) ENGINE=InnoDB DEFAULT CHARSET=utf8mb4 COLLATE=utf8mb4_unicode_ci;

-- --------------------------------------------------------

--
-- Table structure for table `roles`
--

CREATE TABLE `roles` (
  `id` bigint(20) UNSIGNED NOT NULL,
  `name` varchar(255) NOT NULL,
  `guard_name` varchar(255) NOT NULL DEFAULT 'admin',
  `created_at` timestamp NULL DEFAULT NULL,
  `updated_at` timestamp NULL DEFAULT NULL
) ENGINE=InnoDB DEFAULT CHARSET=utf8mb4 COLLATE=utf8mb4_unicode_ci;

--
-- Dumping data for table `roles`
--

INSERT INTO `roles` (`id`, `name`, `guard_name`, `created_at`, `updated_at`) VALUES
(1, 'super admin', 'admin', '2024-12-05 13:30:52', '2024-12-05 13:30:52');

-- --------------------------------------------------------

--
-- Table structure for table `role_has_permissions`
--

CREATE TABLE `role_has_permissions` (
  `permission_id` bigint(20) UNSIGNED NOT NULL,
  `role_id` bigint(20) UNSIGNED NOT NULL
) ENGINE=InnoDB DEFAULT CHARSET=utf8mb4 COLLATE=utf8mb4_unicode_ci;

--
-- Dumping data for table `role_has_permissions`
--

INSERT INTO `role_has_permissions` (`permission_id`, `role_id`) VALUES
(1, 1),
(2, 1),
(3, 1),
(4, 1),
(5, 1),
(6, 1),
(7, 1),
(8, 1),
(9, 1),
(10, 1),
(11, 1),
(12, 1),
(13, 1),
(14, 1),
(15, 1),
(16, 1),
(17, 1),
(18, 1),
(19, 1),
(20, 1),
(21, 1),
(22, 1),
(23, 1),
(24, 1),
(25, 1),
(26, 1),
(27, 1),
(28, 1),
(29, 1),
(30, 1),
(31, 1),
(32, 1),
(33, 1),
(34, 1);

-- --------------------------------------------------------

--
-- Table structure for table `sessions`
--

CREATE TABLE `sessions` (
  `id` varchar(255) NOT NULL,
  `user_id` bigint(20) UNSIGNED DEFAULT NULL,
  `ip_address` varchar(45) DEFAULT NULL,
  `user_agent` text DEFAULT NULL,
  `payload` longtext NOT NULL,
  `last_activity` int(11) NOT NULL
) ENGINE=InnoDB DEFAULT CHARSET=utf8mb4 COLLATE=utf8mb4_unicode_ci;

--
-- Dumping data for table `sessions`
--

INSERT INTO `sessions` (`id`, `user_id`, `ip_address`, `user_agent`, `payload`, `last_activity`) VALUES
('t0Rs6AniSZ1AEMp0dFKweJc9bnD4WsPcpT5pDFts', NULL, '127.0.0.1', 'Mozilla/5.0 (Macintosh; Intel Mac OS X 10_15_7) AppleWebKit/537.36 (KHTML, like Gecko) Chrome/131.0.0.0 Safari/537.36', 'YTo1OntzOjY6Il90b2tlbiI7czo0MDoieTVTck5MaGljaFNLZ1FpcEFRNWR2MnRGOFBwUDM3Rll2cTBTeDExQyI7czo5OiJfcHJldmlvdXMiO2E6MTp7czozOiJ1cmwiO3M6NDg6Imh0dHA6Ly9sb2NhbGhvc3Q6ODAwMC9hZG1pbi9zZXR0aW5nL2luZGV4L2NyZWF0ZSI7fXM6NjoiX2ZsYXNoIjthOjI6e3M6Mzoib2xkIjthOjA6e31zOjM6Im5ldyI7YTowOnt9fXM6MTg6ImZsYXNoZXI6OmVudmVsb3BlcyI7YTowOnt9czo1MjoibG9naW5fYWRtaW5fNTliYTM2YWRkYzJiMmY5NDAxNTgwZjAxNGM3ZjU4ZWE0ZTMwOTg5ZCI7aToxO30=', 1733427467);

-- --------------------------------------------------------

--
-- Table structure for table `sliders`
--

CREATE TABLE `sliders` (
  `id` bigint(20) UNSIGNED NOT NULL,
  `image` varchar(255) NOT NULL,
  `position` int(11) NOT NULL,
  `status` tinyint(1) NOT NULL DEFAULT 1,
  `created_at` timestamp NULL DEFAULT NULL,
  `updated_at` timestamp NULL DEFAULT NULL
) ENGINE=InnoDB DEFAULT CHARSET=utf8mb4 COLLATE=utf8mb4_unicode_ci;

-- --------------------------------------------------------

--
-- Table structure for table `sub_categories`
--

CREATE TABLE `sub_categories` (
  `id` bigint(20) UNSIGNED NOT NULL,
  `image` varchar(255) DEFAULT NULL,
  `slug` varchar(255) DEFAULT NULL,
  `name` varchar(255) NOT NULL,
  `category_id` bigint(20) UNSIGNED NOT NULL,
  `description` text NOT NULL,
  `status` tinyint(1) NOT NULL DEFAULT 1,
  `nav_status` tinyint(1) DEFAULT NULL,
  `created_at` timestamp NULL DEFAULT NULL,
  `updated_at` timestamp NULL DEFAULT NULL
) ENGINE=InnoDB DEFAULT CHARSET=utf8mb4 COLLATE=utf8mb4_unicode_ci;

-- --------------------------------------------------------

--
-- Table structure for table `users`
--

CREATE TABLE `users` (
  `id` bigint(20) UNSIGNED NOT NULL,
  `name` varchar(255) NOT NULL,
  `email` varchar(255) NOT NULL,
  `email_verified_at` timestamp NULL DEFAULT NULL,
  `password` varchar(255) NOT NULL,
  `type` int(11) NOT NULL DEFAULT 2,
  `role` int(11) DEFAULT NULL,
  `remember_token` varchar(100) DEFAULT NULL,
  `created_at` timestamp NULL DEFAULT NULL,
  `updated_at` timestamp NULL DEFAULT NULL
) ENGINE=InnoDB DEFAULT CHARSET=utf8mb4 COLLATE=utf8mb4_unicode_ci;

--
-- Dumping data for table `users`
--

INSERT INTO `users` (`id`, `name`, `email`, `email_verified_at`, `password`, `type`, `role`, `remember_token`, `created_at`, `updated_at`) VALUES
(1, 'Admin', 'admin@gmail.com', NULL, '$2y$12$qDlUPnSSUnEKexH0layML.UTxqAJt1vcV1j3SOkAeksArrq4aVu6q', 1, NULL, NULL, '2024-12-05 13:30:52', '2024-12-05 13:30:52');

--
-- Indexes for dumped tables
--

--
-- Indexes for table `branches`
--
ALTER TABLE `branches`
  ADD PRIMARY KEY (`id`);

--
-- Indexes for table `cache`
--
ALTER TABLE `cache`
  ADD PRIMARY KEY (`key`);

--
-- Indexes for table `cache_locks`
--
ALTER TABLE `cache_locks`
  ADD PRIMARY KEY (`key`);

--
-- Indexes for table `categories`
--
ALTER TABLE `categories`
  ADD PRIMARY KEY (`id`),
  ADD UNIQUE KEY `categories_name_unique` (`name`),
  ADD UNIQUE KEY `categories_slug_unique` (`slug`);

--
-- Indexes for table `contacts`
--
ALTER TABLE `contacts`
  ADD PRIMARY KEY (`id`);

--
-- Indexes for table `failed_jobs`
--
ALTER TABLE `failed_jobs`
  ADD PRIMARY KEY (`id`),
  ADD UNIQUE KEY `failed_jobs_uuid_unique` (`uuid`);

--
-- Indexes for table `jobs`
--
ALTER TABLE `jobs`
  ADD PRIMARY KEY (`id`),
  ADD KEY `jobs_queue_index` (`queue`);

--
-- Indexes for table `job_batches`
--
ALTER TABLE `job_batches`
  ADD PRIMARY KEY (`id`);

--
-- Indexes for table `migrations`
--
ALTER TABLE `migrations`
  ADD PRIMARY KEY (`id`);

--
-- Indexes for table `model_has_permissions`
--
ALTER TABLE `model_has_permissions`
  ADD PRIMARY KEY (`permission_id`,`model_id`,`model_type`),
  ADD KEY `model_has_permissions_model_id_model_type_index` (`model_id`,`model_type`);

--
-- Indexes for table `model_has_roles`
--
ALTER TABLE `model_has_roles`
  ADD PRIMARY KEY (`role_id`,`model_id`,`model_type`),
  ADD KEY `model_has_roles_model_id_model_type_index` (`model_id`,`model_type`);

--
-- Indexes for table `otps`
--
ALTER TABLE `otps`
  ADD PRIMARY KEY (`id`);

--
-- Indexes for table `pages`
--
ALTER TABLE `pages`
  ADD PRIMARY KEY (`id`);

--
-- Indexes for table `password_reset_tokens`
--
ALTER TABLE `password_reset_tokens`
  ADD PRIMARY KEY (`email`);

--
-- Indexes for table `permissions`
--
ALTER TABLE `permissions`
  ADD PRIMARY KEY (`id`),
  ADD UNIQUE KEY `permissions_name_guard_name_unique` (`name`,`guard_name`);

--
-- Indexes for table `products`
--
ALTER TABLE `products`
  ADD PRIMARY KEY (`id`);

--
-- Indexes for table `roles`
--
ALTER TABLE `roles`
  ADD PRIMARY KEY (`id`),
  ADD UNIQUE KEY `roles_name_guard_name_unique` (`name`,`guard_name`);

--
-- Indexes for table `role_has_permissions`
--
ALTER TABLE `role_has_permissions`
  ADD PRIMARY KEY (`permission_id`,`role_id`),
  ADD KEY `role_has_permissions_role_id_foreign` (`role_id`);

--
-- Indexes for table `sessions`
--
ALTER TABLE `sessions`
  ADD PRIMARY KEY (`id`),
  ADD KEY `sessions_user_id_index` (`user_id`),
  ADD KEY `sessions_last_activity_index` (`last_activity`);

--
-- Indexes for table `sliders`
--
ALTER TABLE `sliders`
  ADD PRIMARY KEY (`id`);

--
-- Indexes for table `sub_categories`
--
ALTER TABLE `sub_categories`
  ADD PRIMARY KEY (`id`),
  ADD KEY `sub_categories_category_id_foreign` (`category_id`);

--
-- Indexes for table `users`
--
ALTER TABLE `users`
  ADD PRIMARY KEY (`id`),
  ADD UNIQUE KEY `users_email_unique` (`email`);

--
-- AUTO_INCREMENT for dumped tables
--

--
-- AUTO_INCREMENT for table `branches`
--
ALTER TABLE `branches`
  MODIFY `id` bigint(20) UNSIGNED NOT NULL AUTO_INCREMENT;

--
-- AUTO_INCREMENT for table `categories`
--
ALTER TABLE `categories`
  MODIFY `id` bigint(20) UNSIGNED NOT NULL AUTO_INCREMENT;

--
-- AUTO_INCREMENT for table `contacts`
--
ALTER TABLE `contacts`
  MODIFY `id` bigint(20) UNSIGNED NOT NULL AUTO_INCREMENT, AUTO_INCREMENT=2;

--
-- AUTO_INCREMENT for table `failed_jobs`
--
ALTER TABLE `failed_jobs`
  MODIFY `id` bigint(20) UNSIGNED NOT NULL AUTO_INCREMENT;

--
-- AUTO_INCREMENT for table `jobs`
--
ALTER TABLE `jobs`
  MODIFY `id` bigint(20) UNSIGNED NOT NULL AUTO_INCREMENT;

--
-- AUTO_INCREMENT for table `migrations`
--
ALTER TABLE `migrations`
  MODIFY `id` int(10) UNSIGNED NOT NULL AUTO_INCREMENT, AUTO_INCREMENT=13;

--
-- AUTO_INCREMENT for table `otps`
--
ALTER TABLE `otps`
  MODIFY `id` bigint(20) UNSIGNED NOT NULL AUTO_INCREMENT;

--
-- AUTO_INCREMENT for table `pages`
--
ALTER TABLE `pages`
  MODIFY `id` bigint(20) UNSIGNED NOT NULL AUTO_INCREMENT;

--
-- AUTO_INCREMENT for table `permissions`
--
ALTER TABLE `permissions`
  MODIFY `id` bigint(20) UNSIGNED NOT NULL AUTO_INCREMENT, AUTO_INCREMENT=35;

--
-- AUTO_INCREMENT for table `products`
--
ALTER TABLE `products`
  MODIFY `id` bigint(20) UNSIGNED NOT NULL AUTO_INCREMENT;

--
-- AUTO_INCREMENT for table `roles`
--
ALTER TABLE `roles`
  MODIFY `id` bigint(20) UNSIGNED NOT NULL AUTO_INCREMENT, AUTO_INCREMENT=2;

--
-- AUTO_INCREMENT for table `sliders`
--
ALTER TABLE `sliders`
  MODIFY `id` bigint(20) UNSIGNED NOT NULL AUTO_INCREMENT;

--
-- AUTO_INCREMENT for table `sub_categories`
--
ALTER TABLE `sub_categories`
  MODIFY `id` bigint(20) UNSIGNED NOT NULL AUTO_INCREMENT;

--
-- AUTO_INCREMENT for table `users`
--
ALTER TABLE `users`
  MODIFY `id` bigint(20) UNSIGNED NOT NULL AUTO_INCREMENT, AUTO_INCREMENT=2;

--
-- Constraints for dumped tables
--

--
-- Constraints for table `model_has_permissions`
--
ALTER TABLE `model_has_permissions`
  ADD CONSTRAINT `model_has_permissions_permission_id_foreign` FOREIGN KEY (`permission_id`) REFERENCES `permissions` (`id`) ON DELETE CASCADE;

--
-- Constraints for table `model_has_roles`
--
ALTER TABLE `model_has_roles`
  ADD CONSTRAINT `model_has_roles_role_id_foreign` FOREIGN KEY (`role_id`) REFERENCES `roles` (`id`) ON DELETE CASCADE;

--
-- Constraints for table `role_has_permissions`
--
ALTER TABLE `role_has_permissions`
  ADD CONSTRAINT `role_has_permissions_permission_id_foreign` FOREIGN KEY (`permission_id`) REFERENCES `permissions` (`id`) ON DELETE CASCADE,
  ADD CONSTRAINT `role_has_permissions_role_id_foreign` FOREIGN KEY (`role_id`) REFERENCES `roles` (`id`) ON DELETE CASCADE;

--
-- Constraints for table `sub_categories`
--
ALTER TABLE `sub_categories`
  ADD CONSTRAINT `sub_categories_category_id_foreign` FOREIGN KEY (`category_id`) REFERENCES `categories` (`id`) ON DELETE CASCADE;
COMMIT;

/*!40101 SET CHARACTER_SET_CLIENT=@OLD_CHARACTER_SET_CLIENT */;
/*!40101 SET CHARACTER_SET_RESULTS=@OLD_CHARACTER_SET_RESULTS */;
/*!40101 SET COLLATION_CONNECTION=@OLD_COLLATION_CONNECTION */;
